oldPrice,price,promotion,rating,title
199.00 TND,129.00 TND,35%,3.6 out of 5,Caméra de surveillance - 3 Antennes- IP wifi - HD Infrarouge
449.00 TND,309.00 TND,31%,4.2 out of 5,"Infinix Smart 5 - 6.6"" - 2 Go - 32 Go - Ocean Wave - Garantie 1 an"
489.00 TND,349.00 TND,29%,5 out of 5,"Infinix Smart 5 - 6.6"" - 3 Go - 64 Go - Quetzal Cyan - Garantie 1 an"
849.00 TND,639.00 TND,25%,4.9 out of 5,"Infinix Note 8 - 6.95"" - 6 Go - 128 Go - Gray - Garantie 1 an"
489.00 TND,349.00 TND,29%,5 out of 5,"Infinix Smart 5 - 6.6"" - 3 Go - 64 Go - Midnight Black - Garantie 1 an"
60.00 TND,32.00 TND,47%,3 out of 5,Dream Store Sac à main 4 pièces - bandoulière - Femme - Noir
42.00 TND,39.00 TND,7%,4.3 out of 5,Armin Lunette De Soleil T26 - S2 - Unisexe - Noir
45.00 TND,33.00 TND,27%,3.8 out of 5,Zoom Fa Sac à Main - 3 pièces -  Noir
17.50 TND,10.00 TND,43%,4 out of 5,Lot de 10 Rouleaux Bigoudis Flexibles pour cheveux
40.00 TND,37.00 TND,8%,5 out of 5,Armin Lunette De Soleil T16 - Femme
55.00 TND,22.00 TND - 24.50 TND,60%,4.2 out of 5,5 bouteilles d'encre compatible avec Epson L120  L382 L3060 - T664
99.00 TND,57.50 TND,42%,4.3 out of 5,Xtrike Pack Gamer 4 En 1 clavier Souris Casque et Tapie de souris
42.00 TND,28.00 TND,33%,4.6 out of 5,Adata Carte mémoire - Micro SDXC - 64 Gb - Class 10
39.00 TND,24.00 TND,38%,3.9 out of 5,Casque P47- sans fils -MP3- Bluetooth  -Rouge
39.00 TND,16.00 TND,59%,3.9 out of 5,Câble HDMI - VGA Avec Audio
98.00 TND,46.90 TND,52%,3.8 out of 5,Fashion & Style Portefeuille & porte carte - Homme - Noir
90.00 TND,49.50 TND,45%,4.3 out of 5,Gusto Lunettes de près - Magnétique
35.00 TND,18.00 TND,49%,3.2 out of 5,Portefeuille Homme Noir Cuir
169.00 TND,89.00 TND,47%,3.7 out of 5,Canon Imprimante Jet d'encre - PIXMA MG-2540 - 3en1- Garantie 1 an
169.00 TND,99.00 TND,41%,4.5 out of 5,Hp Imprimante multifonction 2710 - 3en1 - Wi-Fi -  Garantie 1 An
25.00 TND,14.90 TND,40%,4.5 out of 5,Adata Flash disque - 32 Go - 1 An Garanti - NOIR
50.00 TND,24.50 TND,51%,5 out of 5,"Boîtier Disque Dur Externe 2.5"" HDD USB 3.0"
90.00 TND,27.00 TND,70%,3.3 out of 5,Kit Bluetooth HMB-18 - Bleu
55.00 TND,10.99 TND,80%,3 out of 5,Support Lazy à 360° - Noir
25.00 TND,8.99 TND,64%,3.8 out of 5,Bebibos Chargeur Fast pour Android 2.4 A - Charge Rapide
58.00 TND,9.90 TND,83%,3.7 out of 5,xstar Ecouteur - Blanc
29.00 TND,9.00 TND,69%,4.2 out of 5,Support intelligent 3-en-1 haute qualité pour smartphone
49.00 TND,29.00 TND,41%,4 out of 5,Macro Haut Parleur rechargeable Bluetooth U3700 - USB - Carte mémoire
49.00 TND,28.00 TND,43%,4 out of 5,"Support Mural TV 14""-42""  - Mobile - CP302 - Noir"
34.00 TND,15.90 TND,53%,5 out of 5,Duracell Plus lots de 8 Piles - Batterie AAA8 50% More Power
990.00 TND,929.00 TND,6%,4.5 out of 5,Asus PC Portable - Dual core - 8Go -1Tb - Win10 - Garantie 1an
"1,699.00 TND","1,549.00 TND",9%,4 out of 5,"TCL Téléviseur 50"" LED ULTRA HD 4K Smart tv - Garantie 2 ans"
