brand,price,reference,title
https://www.tunisianet.com.tn/225_vega,"479,000 DT",[VEGABOOK-PLUS],Pc portable Vegabook Plus 14 / Quad Core / 4 Go / Silver
https://www.tunisianet.com.tn/3_lenovo,"779,000 DT",[81D600DDFE],Pc Portable Lenovo IdeaPad 330-15AST / Dual Core / 4 Go / Noir
https://www.tunisianet.com.tn/3_lenovo,"789,000 DT",[81D100B3FG],Pc Portable Lenovo IdeaPad 330-15IGM / Dual Core / 4 Go / Noir
https://www.tunisianet.com.tn/3_lenovo,"789,000 DT",[81UT00N9FG],Portable Lenovo Ideapad S145-15API / AMD Dual Core / 4 Go / Noir
https://www.tunisianet.com.tn/3_lenovo,"789,000 DT",[81D100RVFG],Pc Portable Lenovo IdeaPad 330-15IGM / Dual Core / 4 Go / Gris
https://www.tunisianet.com.tn/3_lenovo,"789,000 DT",[81UT00NAFG],Portable Lenovo Ideapad S145-15API / AMD Dual Core / 4 Go / Gris
https://www.tunisianet.com.tn/3_lenovo,"829,000 DT",[81D100S2FG],Pc Portable Lenovo IdeaPad 330-15IGM / Dual Core / 4 Go / Noir
https://www.tunisianet.com.tn/29_dell,"839,000 DT",[3583-FD],Pc Portable Dell Inspiron 3583 / Dual Core / 4 Go / Noir
https://www.tunisianet.com.tn/3_lenovo,"842,000 DT",[81D600DDFE-8],Pc Portable Lenovo IdeaPad 330-15AST / Dual Core / 8 Go / Noir
https://www.tunisianet.com.tn/3_lenovo,"852,000 DT",[81UT00N9FG-8],Portable Lenovo Ideapad S145-15API / AMD Dual Core / 8 Go / Noir
https://www.tunisianet.com.tn/3_lenovo,"852,000 DT",[81D100RVFG-8],Pc Portable Lenovo IdeaPad 330-15IGM / Dual Core / 8 Go / Gris
https://www.tunisianet.com.tn/3_lenovo,"852,000 DT",[81D100B3FG-8],Pc Portable Lenovo IdeaPad 330-15IGM / Dual Core / 8 Go / Noir
https://www.tunisianet.com.tn/3_lenovo,"852,000 DT",[81UT00NAFG-8],Portable Lenovo Ideapad S145-15API / AMD Dual Core / 8 Go / Gris
https://www.tunisianet.com.tn/3_lenovo,"869,000 DT",[81D100S0FG],Pc Portable Lenovo IdeaPad 330-15IGM / Dual Core / 4 Go / Blanc
https://www.tunisianet.com.tn/3_lenovo,"869,000 DT",[81UT00NWFE],Portable Lenovo Ideapad S145-15API / AMD Dual Core / 4 Go / Noir
https://www.tunisianet.com.tn/3_lenovo,"869,000 DT",[81UT00NXFE],Portable Lenovo Ideapad S145-15API / AMD Dual Core / 4 Go / Gris
https://www.tunisianet.com.tn/29_dell,"888,000 DT",[3583-FD-8],Pc Portable Dell Inspiron 3583 / Dual Core / 8 Go / Noir
https://www.tunisianet.com.tn/3_lenovo,"892,000 DT",[81D100S2FG-8],Pc Portable Lenovo IdeaPad 330-15IGM / Dual Core / 8 Go / Noir
https://www.tunisianet.com.tn/6_hp,"899,000 DT",[262C4EA],Pc Portable HP 15s-eq1003nk / AMD Dual Core / 4 Go / Noir
https://www.tunisianet.com.tn/3_lenovo,"932,000 DT",[81UT00NWFE-8],Portable Lenovo Ideapad S145-15API / AMD Dual Core / 8 Go / Noir
https://www.tunisianet.com.tn/3_lenovo,"932,000 DT",[81D100S0FG-8],Pc Portable Lenovo IdeaPad 330-15IGM / Dual Core / 8 Go / Blanc
https://www.tunisianet.com.tn/3_lenovo,"932,000 DT",[81UT00NXFE-8],Portable Lenovo Ideapad S145-15API / AMD Dual Core / 8 Go / Gris
https://www.tunisianet.com.tn/29_dell,"938,000 DT",[3583-FD-12],Pc Portable Dell Inspiron 3583 / Dual Core / 12 Go / Noir
https://www.tunisianet.com.tn/6_hp,"962,000 DT",[262C4EA-8],Pc Portable HP 15s-eq1003nk / AMD Dual Core / 8 Go / Noir
https://www.tunisianet.com.tn/806_itel-mobile,"37,000 DT",[ITEL-2160-DB],Téléphone Portable  ITEL 2160 / Double SIM / Bleu
https://www.tunisianet.com.tn/806_itel-mobile,"37,000 DT",[ITEL-2160-BK],Téléphone Portable  ITEL 2160 / Double SIM / Noir
https://www.tunisianet.com.tn/861_ibrit,"39,000 DT",[IBRIT-JAZZ-BK],Téléphone Portable Ibrit Jazz 2 - Double SIM - Noir
https://www.tunisianet.com.tn/861_ibrit,"39,000 DT",[IBRIT-JAZZ-OR],Téléphone Portable Ibrit Jazz 2 - Double SIM - Noir et Orangé
https://www.tunisianet.com.tn/522_clever,"39,000 DT",[CLEVER-C3-BL],Téléphone Portable Clever C3 / Double SIM / Bleu
https://www.tunisianet.com.tn/292_iku,"42,900 DT",[F105-YL],Téléphone Portable Iku F105 / Double SIM / Noir & Jaune
https://www.tunisianet.com.tn/861_ibrit,"49,000 DT",[IBRIT-COBRA-BKRD],Téléphone Portable Ibrit Cobra - Double SIM - Noir et Rouge
https://www.tunisianet.com.tn/861_ibrit,"49,000 DT",[IBRIT-COBRA-BKGR],Téléphone Portable Ibrit Cobra - Double SIM - Noir et Gris
https://www.tunisianet.com.tn/522_clever,"49,000 DT",[F01-RD],Téléphone Portable Clever F01 - Rouge
https://www.tunisianet.com.tn/522_clever,"49,000 DT",[F01-GREEN],Téléphone Portable Clever F01 - Vert
https://www.tunisianet.com.tn/522_clever,"49,000 DT",[F01-BL],Téléphone Portable Clever F01 - Bleu
https://www.tunisianet.com.tn/522_clever,"49,000 DT",[F01-BK],Téléphone Portable Clever F01
https://www.tunisianet.com.tn/522_clever,"49,000 DT",[F01-WH],Téléphone Portable Clever F01 - Blanc
https://www.tunisianet.com.tn/806_itel-mobile,"49,000 DT",[ITEL-5081-BK],Téléphone portable Itel IT5081 / Noir
https://www.tunisianet.com.tn/806_itel-mobile,"49,000 DT",[ITEL-5081-DB],Téléphone portable Itel IT5081 / Bleu
https://www.tunisianet.com.tn/806_itel-mobile,"51,000 DT",[ITEL-5260-GF],Téléphone Portable  ITEL 5260 / Double SIM / Gold
https://www.tunisianet.com.tn/763_swisstone,"55,000 DT",[SC1550-RD],Téléphone Portable SwissTone SC1550 / Double SIM / Rouge
https://www.tunisianet.com.tn/914_amimobiletech,"59,000 DT",[F36-BL],Téléphone Portable Ami F36 / Bleu
https://www.tunisianet.com.tn/914_amimobiletech,"59,000 DT",[F36-BKSL],Téléphone Portable Ami F36 / Noir et Gris
https://www.tunisianet.com.tn/914_amimobiletech,"59,000 DT",[F36-BKRD],Téléphone Portable Ami F36 / Noir et Rouge
https://www.tunisianet.com.tn/159_nokia,"65,000 DT",[TA-1174DS-BL],Téléphone Portable Nokia 105 / Double SIM / Bleu
https://www.tunisianet.com.tn/159_nokia,"65,000 DT",[TA-1174DS-BK],Téléphone Portable Nokia 105 / Double SIM / Noir
https://www.tunisianet.com.tn/159_nokia,"65,000 DT",[TA-1174DS-PK],Téléphone Portable Nokia 105 / Double SIM / Rose
https://www.tunisianet.com.tn/846_ipro,"69,900 DT",[IPRO-A28-BKRD],Téléphone Portable LPRO A28 / Double SIM / Noir & Rouge
https://www.tunisianet.com.tn/48_eaton,"43,000 DT",[PS6TF],Multiprise parafoudre 6 prises avec protection téléphonique
https://www.tunisianet.com.tn/746_upset,"149,000 DT",[MA650VA],Onduleur In-Line UPSET MA 650
https://www.tunisianet.com.tn/746_upset,"165,000 DT",[MA850VA],Onduleur In-Line UPSET MA 850
https://www.tunisianet.com.tn/680_ablerex,"169,000 DT",[GR650],Onduleur In-Line Ablerex Glamor 650VA
https://www.tunisianet.com.tn/847_njoy,"179,000 DT",[KEEN600USB],Onduleur NJOY Keen 600 In Line USB 600VA/360W
https://www.tunisianet.com.tn/48_eaton,"189,000 DT",[5E650I],Onduleur Line Interactive avec régulateur de tension Eaton 5E 650VA
https://www.tunisianet.com.tn/546_tuncmatik,"219,000 DT",[DIGI650],Onduleur In-Line Tuncmatik Digitech PRO LCD 650VA
https://www.tunisianet.com.tn/546_tuncmatik,"225,000 DT",[TUNC850VA],Onduleur In-Line Tuncmatik Lite II 850VA
https://www.tunisianet.com.tn/546_tuncmatik,"255,000 DT",[DIGI850],Onduleur In-Line Tuncmatik Digitech PRO LCD 850VA
https://www.tunisianet.com.tn/569_estap,"21,900 DT",[KFS6X15-20],Vis et écrous cage M6 Vis Rondelles / Lot de 20
https://www.tunisianet.com.tn/874_swatch,"189,000 DT",[LB187],Montre Pour femme Swatch LUXY BAROK LB187
https://www.tunisianet.com.tn/17_noname,"8,000 DT",[FK-1.2M],Câble antivol F&K Pour Ordinateur Portable / 1.2M
https://www.tunisianet.com.tn/746_upset,"279,000 DT",[MA1200VA],Onduleur In-Line UPSET MA 1200VA
https://www.tunisianet.com.tn/847_njoy,"299,000 DT",[KEEN1000USB],Onduleur NJOY Keen 1000 In Line USB 1000VA/600W
https://www.tunisianet.com.tn/680_ablerex,"299,000 DT",[GR1000],Onduleur In-Line Ablerex Glamor 1000VA
https://www.tunisianet.com.tn/48_eaton,"319,000 DT",[EL650FR],Onduleur In Line ECO ELLIPSE 650
https://www.tunisianet.com.tn/48_eaton,"379,000 DT",[5E1100IUSB],Onduleur Line Interactive avec régulateur de tension Eaton 5E 1100VA / USB
https://www.tunisianet.com.tn/746_upset,"379,000 DT",[MA2000VA],Onduleur In-Line UPSET MA 2000
https://www.tunisianet.com.tn/48_eaton,"389,000 DT",[3S700FP],Multiprise de Protection Eaton 3S Station 650 USB FR
https://www.tunisianet.com.tn/847_njoy,"390,000 DT",[UPLI-LI150KU-CG01B],Onduleur In-Line NJOY Keen 1500VA / 900W
https://www.tunisianet.com.tn/546_tuncmatik,"439,000 DT",[DIGI1000L],Onduleur In-Line Tuncmatik Digitech Pro LCD 1000VA
https://www.tunisianet.com.tn/29_dell,"1 869,000 DT",[PET40],Serveur Dell PowerEdge T40
https://www.tunisianet.com.tn/29_dell,"1 905,000 DT",[145650-T30],Serveur Tour Dell PowerEdge T30
https://www.tunisianet.com.tn/29_dell,"1 999,000 DT",[169208-T30],Serveur Dell PowerEdge T30
https://www.tunisianet.com.tn/3_lenovo,"2 039,000 DT",[7Y48A006EA],Serveur Tour Lenovo ThinkSystem ST50 / 2x 1 To
https://www.tunisianet.com.tn/6_hp,"2 125,000 DT",[P08335-B21],Serveur Rack 1U HP ProLiant DL20 Gen10 / 8 Go / Sans Disques
https://www.tunisianet.com.tn/29_dell,"2 699,000 DT",[PET130E2],Serveur Tour Dell PowerEdge T130 / 500 Go
https://www.tunisianet.com.tn/29_dell,"2 789,000 DT",[176728-T130],Serveur Tour Dell PowerEdge T130
https://www.tunisianet.com.tn/29_dell,"2 909,000 DT",[PET140M3-3Y],Serveur Dell PowerEdge T140
https://www.tunisianet.com.tn/6_hp,"3 177,000 DT",[P17079-B21],Serveur Rack 1U HP ProLiant DL20 Gen10 / 16 Go / Sans Disques
https://www.tunisianet.com.tn/29_dell,"3 240,000 DT",[176733-R230],Serveur Rack Dell PowerEdge R230 / 1 To
https://www.tunisianet.com.tn/29_dell,"3 259,000 DT",[PER230E1A],Serveur Rack Dell PowerEdge R230 / 1 To
https://www.tunisianet.com.tn/874_swatch,"189,000 DT",[LB186],Montre Pour femme Swatch ORTRUD LB186
https://www.tunisianet.com.tn/874_swatch,"205,000 DT",[GR182],Montre pour Femme Swatch Heart Lots GR182
https://www.tunisianet.com.tn/874_swatch,"205,000 DT",[GN720],Montre Pour homme Swatch White Delight GN720
https://www.tunisianet.com.tn/874_swatch,"205,000 DT",[GS145],Montre pour Femme Swatch Lampone GS145
https://www.tunisianet.com.tn/874_swatch,"205,000 DT",[GB754],Montre Mixte Swatch RED GRIN GB754
https://www.tunisianet.com.tn/874_swatch,"205,000 DT",[GG711],Montre mixte Swatch Sky Zebra GG711
https://www.tunisianet.com.tn/874_swatch,"205,000 DT",[GB753],Montre Mixte Swatch SIR RED GB753
https://www.tunisianet.com.tn/874_swatch,"205,000 DT",[GN416],Montre Mixte Swatch SILVER IN BLUE GN416
https://www.tunisianet.com.tn/874_swatch,"205,000 DT",[GN413],Montre Mixte Swatch Calife GN413
https://www.tunisianet.com.tn/96_bitdefender,"12,000 DT",[191100],Antivirus Bitdefender Mobile Security 1 Poste / 1 an
https://www.tunisianet.com.tn/96_bitdefender,"19,000 DT",[191117],Antivirus Bitdefender Internet Security / 1 Poste / 1 an
https://www.tunisianet.com.tn/388_kaspersky,"36,900 DT",[KL19398BAFS-20FFPM],Kaspersky Internet Security 2020 - 1 an / 1 Poste
https://www.tunisianet.com.tn/96_bitdefender,"69,900 DT",[191124],Antivirus Bitdefender Total Security 3 Postes / 1 an
https://www.tunisianet.com.tn/96_bitdefender,"89,000 DT",[191131],Antivirus Bitdefender Total Security 5 Postes / 1 an
https://www.tunisianet.com.tn/388_kaspersky,"93,900 DT",[KL19398BCFS-20SLIM],Kaspersky Internet Security 2020 - 1 an / 3 postes
https://www.tunisianet.com.tn/388_kaspersky,"119,000 DT",[KL19498BEFS-20MAG],Kaspersky Total Security 2020 - 1 an / 5 postes
https://www.tunisianet.com.tn/15_microsoft,"179,000 DT",[QQ2-01039],Microsoft Office 365 Personnel Francais SUBscr / 1 an
https://www.tunisianet.com.tn/847_njoy,"449,000 DT",[KEEN2000USB],Onduleur NJOY Keen 2000 In Line USB 2000 VA / 1200 W
https://www.tunisianet.com.tn/48_eaton,"459,000 DT",[5E1500IUSB],Onduleur Line Interactive avec régulateur de tension Eaton 5E 1500VA / USB
https://www.tunisianet.com.tn/546_tuncmatik,"495,000 DT",[DIGI1500VA],Onduleur In-Line Tuncmatik Digitech ECO 1500 VA
https://www.tunisianet.com.tn/48_eaton,"549,000 DT",[5SC500I],Onduleur In Line Eaton Tour 5SC 500I
https://www.tunisianet.com.tn/546_tuncmatik,"549,000 DT",[DIGI200VA],Onduleur In-Line Tuncmatik Digitech ECO 2000 VA
https://www.tunisianet.com.tn/48_eaton,"579,000 DT",[5P650I],Onduleur In Line Eaton 5P 650I
https://www.tunisianet.com.tn/6_hp,"3 331,000 DT",[P06478-B21],Serveur Rack 1U HP ProLiant DL20 Gen10 / 16 Go / Sans Disques
https://www.tunisianet.com.tn/6_hp,"3 413,000 DT",[P16926-421],Serveur HP ProLiant ML30 Gen10 Tour 4U / 8 GO / 2 To
https://www.tunisianet.com.tn/29_dell,"3 489,000 DT",[PER230A1],Serveur Rack Dell PowerEdge R230 / 1 To
https://www.tunisianet.com.tn/3_lenovo,"3 509,000 DT",[70TG0028EA],Serveur Rack 1U Lenovo ThinkServer RS160
https://www.tunisianet.com.tn/6_hp,"3 585,000 DT",[839302-425],Serveur HP ProLiant DL120 Gen9 Rack 1U
https://www.tunisianet.com.tn/29_dell,"3 609,000 DT",[341775-T140],Serveur Tour Dell PowerEdge T140
https://www.tunisianet.com.tn/17_noname,"1,000 DT",[L110603],Tapis souris Noir
https://www.tunisianet.com.tn/29_dell,"199,000 DT",[E1916HV],"Ecran Dell 18.5"" HD E1916HV"
https://www.tunisianet.com.tn/874_swatch,"205,000 DT",[GN271],Montre Mixte Swatch BLUENEL GN271
https://www.tunisianet.com.tn/874_swatch,"205,000 DT",[GE722],Montre Mixte Swatch RED AWAY GE722
https://www.tunisianet.com.tn/874_swatch,"205,000 DT",[GE721],Montre Mixte Swatch BLUE AWAY GE721
https://www.tunisianet.com.tn/874_swatch,"205,000 DT",[GE286],Montre Mixte Swatch WHITENEL GE286
https://www.tunisianet.com.tn/874_swatch,"205,000 DT",[GR712],Montre mixte Swatch Sea Barcode GR712
https://www.tunisianet.com.tn/874_swatch,"215,000 DT",[GN270],Montre pour Femme Swatch Blumino GN270
https://www.tunisianet.com.tn/874_swatch,"215,000 DT",[GP169],Montre pour Femme Swatch CHRYSANTHEMUM GP169
https://www.tunisianet.com.tn/874_swatch,"215,000 DT",[GE285],Montre pour Femme Swatch SPARKLINGOT GE285
https://www.tunisianet.com.tn/874_swatch,"219,000 DT",[GE713],Montre Mixte Swatch ULTRACIEL GE713
https://www.tunisianet.com.tn/96_bitdefender,"189,000 DT",[201380],Antivirus Bitdefender Total Security 10 Postes / 1 an
https://www.tunisianet.com.tn/388_kaspersky,"195,900 DT",[KL19398BKFS-20MAG],Kaspersky Internet Security 2020 - 1 an / 10 postes
https://www.tunisianet.com.tn/15_microsoft,"239,000 DT",[6GQ-01202],Microsoft Office 365 Home Premium / 5 Utilisateurs
https://www.tunisianet.com.tn/15_microsoft,"339,000 DT",[79G-05034],Microsoft Office Home & Student 2019
https://www.tunisianet.com.tn/388_kaspersky,"459,000 DT",[KL45418DEFS],Kaspersky Small Office Security 8.0   1 an / 5 Postes + 1 Serveur
https://www.tunisianet.com.tn/15_microsoft,"469,000 DT",[KW9-00145],Microsoft Windows 10 Home 64 bits (français) - OEM
https://www.tunisianet.com.tn/15_microsoft,"519,000 DT",[FQC-08920],Microsoft Windows 10 Professionnel 64 bits (français) - OEM
https://www.tunisianet.com.tn/15_microsoft,"739,000 DT",[FQC-09478],Microsoft Windows 10 Professionnel SNGL OLP NL Legalization GetGenuine / Anglais
https://www.tunisianet.com.tn/388_kaspersky,"769,000 DT",[KL45418BKFS-20MWCA],Kaspersky Small Office Security / 10 Pcs + 1 serveur
https://www.tunisianet.com.tn/29_dell,"3 708,000 DT",[145098-R230],Serveur Rack Dell PowerEdge R230 / 2 To
https://www.tunisianet.com.tn/6_hp,"3 730,000 DT",[P16930-421],Serveur HP ProLiant ML30 Gen10 Tour 4U / 16 GO / Sans Disques
https://www.tunisianet.com.tn/6_hp,"3 860,000 DT",[P10811-421],Serveur HP ProLiant ML110 Gen10 / 16 Go / Sans Disques
https://www.tunisianet.com.tn/29_dell,"3 969,000 DT",[PET130E2C],Serveur Tour Dell PowerEdge T130 / 2x 2 To
https://www.tunisianet.com.tn/29_dell,"4 047,000 DT",[145096-T330],Serveur tour Dell PowerEdge T330
https://www.tunisianet.com.tn/29_dell,"4 079,000 DT",[PET140M4],Serveur Dell PowerEdge T140 M3
https://www.tunisianet.com.tn/17_noname,"1,000 DT",[BNC],Connecteur BNC
https://www.tunisianet.com.tn/559_s-link,"1,600 DT",[SL-CR43],Mini Lecteur de cartes USB S-link CR43
https://www.tunisianet.com.tn/559_s-link,"1,600 DT",[SL-CR40],Mini Lecteur de cartes USB S-link CR40
https://www.tunisianet.com.tn/807_ramitech,"2,900 DT",[TB-220],Souris optique RAMITECH TB220 / Noir
https://www.tunisianet.com.tn/506_jedel,"2,900 DT",[TB220],Souris optique JeDEL TB220 / Noir
https://www.tunisianet.com.tn/561_everest,"3,200 DT",[KM-6809],Souris USB Everest Simple avec LED
https://www.tunisianet.com.tn/559_s-link,"3,200 DT",[SL-U94-PK],Adaptateur OTG Lecteur de cartes vers Micro USB / Rose
https://www.tunisianet.com.tn/561_everest,"3,800 DT",[SM-219BK],Souris Optique USB Everest SM-219 - Noir
https://www.tunisianet.com.tn/6_hp,"205,000 DT",[T3U83AA],"Écran 20"" WXGA LED HP 20kd"
https://www.tunisianet.com.tn/13_acer,"219,000 DT",[UM.IV6EE.A01],"Ecran Acer 19.5"" HD LED V206HQL"
https://www.tunisianet.com.tn/270_versus,"219,000 DT",[940064],"Ecran Versus 21.5"" LED HD"
https://www.tunisianet.com.tn/29_dell,"229,000 DT",[E2016HV],"Ecran Dell 19.5"" E2016HV"
https://www.tunisianet.com.tn/29_dell,"253,000 DT",[E2020H],"Ecran Dell 20"" LCD HD LED E2020H"
https://www.tunisianet.com.tn/13_acer,"265,000 DT",[UM.WV6EE.B17],"Ecran Acer 21.5"" Full HD V226HQL"
https://www.tunisianet.com.tn/3_lenovo,"269,000 DT",[61FFKAT6EU-3Y],"Ecran Lenovo D22-17 / 21.5"" Full HD"
https://www.tunisianet.com.tn/3_lenovo,"269,000 DT",[66ADKAC1EU-3Y],"Ecran Lenovo D22-20 / 21.5"" Full HD"
https://www.tunisianet.com.tn/874_swatch,"235,000 DT",[SUON714],Montre Pour Homme Swatch BLUE RAILS SUON714
https://www.tunisianet.com.tn/874_swatch,"235,000 DT",[SUOM709],Montre Pour Homme Swatch GREY RAILS SUOK714
https://www.tunisianet.com.tn/874_swatch,"235,000 DT",[SUOB185],Montre Mixte Swatch Hate 2 Love SUOB185
https://www.tunisianet.com.tn/874_swatch,"249,000 DT",[SUOV106],Montre pour Femme Swatch Purple Rings SUOV106
https://www.tunisianet.com.tn/874_swatch,"259,000 DT",[SUOZ147],Montre Pour homme Swatch SILVER GLAM SUOZ147
https://www.tunisianet.com.tn/388_kaspersky,"769,000 DT",[KL45418DKFS],Kaspersky Small Office Security 8.0   1 an / 10 Postes + 1 Serveur
https://www.tunisianet.com.tn/15_microsoft,"887,000 DT",[T5D-03353],Microsoft Office Home & Business 2019 - Français
https://www.tunisianet.com.tn/388_kaspersky,"1 219,000 DT",[KL45418BNFS-20MWCA],Kaspersky Small Office Security / 20 Pcs + 2 serveurs
https://www.tunisianet.com.tn/15_microsoft,"2 630,000 DT",[B07QNB7QCW],Microsoft Windows Server 2012 Standard R2 OEM 64 bits (français)
https://www.tunisianet.com.tn/15_microsoft,"3 299,000 DT",[9EM-00652],Microsoft Windows Server 2019 Standard
https://www.tunisianet.com.tn/561_everest,"3,800 DT",[SM-216BK],Souris Optique USB Everest SM-216 - Noir
https://www.tunisianet.com.tn/17_noname,"3,900 DT",[1000105],Hub USB 2.0 4 Ports / Blanc
https://www.tunisianet.com.tn/17_noname,"4,000 DT",[HCA0007AA01],Webcam USB pour PC / 1.3 Mégapixels
https://www.tunisianet.com.tn/506_jedel,"4,500 DT",[CP87],Souris optique JeDEL CP87
https://www.tunisianet.com.tn/506_jedel,"4,500 DT",[CP74],Souris optique JeDEL CP74 / Noir
https://www.tunisianet.com.tn/29_dell,"275,000 DT",[E2216HV],"Ecran Dell 21.5"" Full HD E2216HV"
https://www.tunisianet.com.tn/291_philips,"277,000 DT",[223V5LSB2-10],"Ecran Philips LED Full HD 21.5"""
https://www.tunisianet.com.tn/3_lenovo,"279,000 DT",[60DFAAT1EU],"Ecran Lenovo ThinkVision E2054 19.5"" IPS HD"
https://www.tunisianet.com.tn/12_samsung,"289,000 DT",[LS22F350FH],"Ecran Samsung 21.5"" Full HD"
https://www.tunisianet.com.tn/3_lenovo,"289,000 DT",[65E4KAC6EU-3A],"Ecran Lenovo D22-10 / 21.5"" Full HD"
https://www.tunisianet.com.tn/12_samsung,"289,000 DT",[LS22F350FH.],"Ecran Samsung 21.5"" Full HD"
https://www.tunisianet.com.tn/311_macro,"4,900 DT",[MACRO-013],Souris Optique Macro 013 / Noir
https://www.tunisianet.com.tn/311_macro,"4,900 DT",[MACRO-013-RD],Souris Optique Macro 013 / Rouge
https://www.tunisianet.com.tn/311_macro,"4,900 DT",[M879],Souris Optique USB Macro M879 / Noir
https://www.tunisianet.com.tn/506_jedel,"5,500 DT",[M66],Souris USB JeDel M66
https://www.tunisianet.com.tn/561_everest,"5,900 DT",[SM-M9],Souris Optique USB Everest SM-M9
https://www.tunisianet.com.tn/839_xtrike-me,"5,900 DT",[XTRIKE-MP002],Tapis de souris Gaming Xtrike Me MP-002
https://www.tunisianet.com.tn/506_jedel,"5,900 DT",[JEDEL-230],Souris optique JeDEL 230 / Noir
https://www.tunisianet.com.tn/29_dell,"299,000 DT",[S-E2218HN],"Écran 21.5"" Full HD Dell E2218HN"
https://www.tunisianet.com.tn/29_dell,"315,000 DT",[E2221HN],"Ecran Dell 22"" Full HD E2221HN"
https://www.tunisianet.com.tn/92_intel,"315,000 DT",[BLKDE3815TYBE],Mini PC à carte unique Intel NUC BLKDE3815TYBE
https://www.tunisianet.com.tn/3_lenovo,"319,000 DT",[62A4MAT4EU-3Y],"Ecran Lenovo ThinkVision E22-20 21.5"" WLED FHD 62A4MAT4EU"
https://www.tunisianet.com.tn/339_msi-gaming,"379,000 DT",[MP241],"Ecran MSI Pro 23.8"" IPS Full HD MP241"
https://www.tunisianet.com.tn/79_asus,"389,000 DT",[90LM01L0-B05170],"Ecran Asus VP247HAE 23.6"" Full HD / 60 Hz"
https://www.tunisianet.com.tn/12_samsung,"399,000 DT",[LS24F350FH.],"Ecran Samsung 23.5"" LED Full HD"
https://www.tunisianet.com.tn/29_dell,"399,000 DT",[E2420H],"Ecran Dell 24"" IPS Full HD E2420H"
https://www.tunisianet.com.tn/808_jertech,"6,400 DT",[M200],Souris Gaming Jertech M200 Warwick
https://www.tunisianet.com.tn/561_everest,"6,500 DT",[SM-258/RED],Souris USB Everest SM-258 - Rouge
https://www.tunisianet.com.tn/506_jedel,"6,500 DT",[GM850],Souris Gaming optique Jedel GM850
https://www.tunisianet.com.tn/29_dell,"399,000 DT",[P2219H],"Ecran Dell 22"" Pivotant IPS Full HD P2219H"
https://www.tunisianet.com.tn/17_noname,"0,600 DT",[PATTE],Pate thérmique Grise
https://www.tunisianet.com.tn/17_noname,"0,700 DT",[ETI_QUETTE],Etiquette Clavier Arabe / Noir
https://www.tunisianet.com.tn/17_noname,"1,000 DT",[ETI-WHITE],Etiquette Clavier Arabe / Blanc
https://www.tunisianet.com.tn/17_noname,"4,200 DT",[MP095],Carte Son USB
https://www.tunisianet.com.tn/735_rampage,"5,000 DT",[TM-130],Pâte Thérmique Rampage TM-130 / 1G
https://www.tunisianet.com.tn/561_everest,"6,000 DT",[TM-20],Pâte Thérmique Gold Everest TM-20 / 2G
https://www.tunisianet.com.tn/17_noname,"8,000 DT",[FK-1.2M],Câble antivol F&K Pour Ordinateur Portable / 1.2M
https://www.tunisianet.com.tn/92_intel,"10,300 DT",[MP027],Processeur Intel Celeron D 450
https://www.tunisianet.com.tn/17_noname,"11,000 DT",[MP093],Carte Son USB 2 Ports
https://www.tunisianet.com.tn/3_lenovo,"992,000 DT",[81D600DDFE-8-W10P],Pc Portable Lenovo IdeaPad 330-15AST / Dual Core / 8 Go / Noir
https://www.tunisianet.com.tn/309_arctic,"11,000 DT",[AFACO-08000-GBA01],Ventilateur de boîtier Arctic F8 / 80mm
https://www.tunisianet.com.tn/309_arctic,"12,000 DT",[AFACO-09000-GBA01],Ventilateur de boîtier Arctic F9 / 92 mm
https://www.tunisianet.com.tn/17_noname,"12,500 DT",[400401],"Boitier Externe pour disque dur 2.5"" HDD USB 2.0 / Noir"
https://www.tunisianet.com.tn/309_arctic,"13,000 DT",[ACFAN0026A],Ventilateur de boîtier Arctic F9 Silent / 92 mm
https://www.tunisianet.com.tn/309_arctic,"15,000 DT",[AFACO-090P2-GBA01],Ventilateur de boîtier Arctic F9 PWM rev.2 / 92 mm
https://www.tunisianet.com.tn/309_arctic,"16,000 DT",[AFACO-090P0-GBA01],Ventilateur de boîtier Arctic F9 PWM PST / 92 mm
https://www.tunisianet.com.tn/726_konig,"16,500 DT",[CMP-SAFE4],Cable antivol König Pour ordinateur portable Chiffre Metal / 1.8 m / Argent
https://www.tunisianet.com.tn/29_dell,"1 002,000 DT",[3583-FD-16],Pc Portable Dell Inspiron 3583 / Dual Core / 16 Go / Noir
https://www.tunisianet.com.tn/29_dell,"1 039,000 DT",[3583-FD-8-W10P],Pc Portable Dell Inspiron 3583 / Dual Core / 8 Go / Noir
https://www.tunisianet.com.tn/29_dell,"1 309,000 DT",[3501I3N-1T],Pc Portable Dell Inspiron 3501 / i3 10è Gén / 4 Go / Gris + Antivirus Bitdefender Internet Security Offert
https://www.tunisianet.com.tn/6_hp,"1 309,000 DT",[2S529EA],Pc Portable HP Notebook 15-dw2011nk / i3 10è Gén / 4 Go
https://www.tunisianet.com.tn/3_lenovo,"1 348,000 DT",[81LW00HGFE],Pc portable Lenovo Ideapad L340-15API / Ryzen 3 / 8 Go
https://www.tunisianet.com.tn/3_lenovo,"1 349,000 DT",[82C500T6FE],PC Portable Lenovo V15 / i3 10è Gén / 4 Go + Sacoche Lenovo T210 Offerte
https://www.tunisianet.com.tn/29_dell,"1 358,000 DT",[3501I3N-1T-8],Pc Portable Dell Inspiron 3501 / i3 10è Gén / 8 Go / Gris + Antivirus Bitdefender Internet Security Offert
https://www.tunisianet.com.tn/29_dell,"1 359,000 DT",[3501I3N-FD],Pc Portable Dell Inspiron 3501 / i3 10è Gén / 4 Go / Gris + Antivirus Bitdefender Internet Security Offert
https://www.tunisianet.com.tn/309_arctic,"19,000 DT",[ACTPD00001A],Pâte thérmique Arctic 50 x 50 x 0.5 mm
https://www.tunisianet.com.tn/309_arctic,"20,000 DT",[ACFAN00123A],Ventilateur de boîtier pour Gamer Arctic P14 / Noir
https://www.tunisianet.com.tn/79_asus,"20,700 DT",[AC016],Chargeur Pour PC Portable Asus 19V / 2.1A
https://www.tunisianet.com.tn/309_arctic,"21,000 DT",[ACFAN00139A],Ventilateur de boîtier pour Gamer Arctic P14 Silent / Noir
https://www.tunisianet.com.tn/17_noname,"21,500 DT",[MIP-2.0],"Boitier pour Disque Dur Externe 2.5"" MIP"
https://www.tunisianet.com.tn/17_noname,"21,600 DT",[400403],"Boitier Externe 2.5"" HDD USB 3.0"
https://www.tunisianet.com.tn/13_acer,"21,700 DT",[AC025],Chargeur pour Pc portable Acer 19V / 1.75A
https://www.tunisianet.com.tn/560_rampage-everest,"22,000 DT",[JBT-21],Ventilateur de boîtier Everest Rampage RGB / 120mm
https://www.tunisianet.com.tn/29_dell,"1 369,000 DT",[468402-3501],Pc Portable Dell Vostro 3501 / i3 10è Gén / 4 Go / Gris + Antivirus Bitdefender Internet Security Offert
https://www.tunisianet.com.tn/6_hp,"1 399,000 DT",[2R0N3EA],Pc portable HP 15-dw3019nk / i3 11è Gén / 4 Go / Noir
https://www.tunisianet.com.tn/3_lenovo,"1 399,000 DT",[82C500PJFE],PC Portable Lenovo V15 / i3 10è Gén / 4 Go
https://www.tunisianet.com.tn/6_hp,"1 399,000 DT",[2R0L6EA],Pc portable HP 15-dw300nk / i3 11è Gén / 4 Go / Silver
https://www.tunisianet.com.tn/6_hp,"1 399,000 DT",[2R0L7EA],Pc portable HP 15-dw3001nk / i3 11è Gén / 4 Go / Silver
https://www.tunisianet.com.tn/79_asus,"1 408,000 DT",[X509JB-EJ060T-8],Pc portable Asus X509JB / i3 10è Gén / 8 Go / Silver
https://www.tunisianet.com.tn/29_dell,"1 408,000 DT",[3501I3N-1T-12],Pc Portable Dell Inspiron 3501 / i3 10è Gén / 12 Go / Gris + Antivirus Bitdefender Internet Security Offert
https://www.tunisianet.com.tn/29_dell,"1 409,000 DT",[3501I3N-FD-8],Pc Portable Dell Inspiron 3501 / i3 10è Gén / 8 Go / Gris + Antivirus Bitdefender Internet Security Offert
https://www.tunisianet.com.tn/3_lenovo,"1 411,000 DT",[81LW00HGFE-12],Pc portable Lenovo Ideapad L340-15API / Ryzen 3 / 12 Go
https://www.tunisianet.com.tn/29_dell,"1 418,000 DT",[468402-3501-8],Pc Portable Dell Vostro 3501 / i3 10è Gén / 8 Go / Gris + Antivirus Bitdefender Internet Security Offert
https://www.tunisianet.com.tn/6_hp,"1 448,000 DT",[2R0L6EA-8],Pc portable HP 15-dw300nk / i3 11è Gén / 8 Go / Silver
https://www.tunisianet.com.tn/6_hp,"1 448,000 DT",[2R0N3EA-8],Pc portable HP 15-dw3019nk / i3 11è Gén / 8 Go / Noir
https://www.tunisianet.com.tn/6_hp,"1 448,000 DT",[2R0L7EA-8],Pc portable HP 15-dw3001nk / i3 11è Gén / 8 Go / Silver
https://www.tunisianet.com.tn/846_ipro,"69,900 DT",[IPRO-A28-BKBL],Téléphone Portable LPRO A28 / Double SIM / Noir & Bleu
https://www.tunisianet.com.tn/3_lenovo,"1 448,000 DT",[82C500PJFE-8],PC Portable Lenovo V15 / i3 10è Gén / 8 Go
https://www.tunisianet.com.tn/29_dell,"1 458,000 DT",[3501I3N-FD-12],Pc Portable Dell Inspiron 3501 / i3 10è Gén / 12 Go / Gris + Antivirus Bitdefender Internet Security Offert
https://www.tunisianet.com.tn/846_ipro,"69,900 DT",[IPRO-A28-BK],Téléphone Portable LPRO A28 / Double SIM / Noir
https://www.tunisianet.com.tn/764_doro,"84,900 DT",[DORO1360-WH],Téléphone Portable Doro 1360 / Double SIM / Blanc
https://www.tunisianet.com.tn/764_doro,"84,900 DT",[DORO1360-BK],Téléphone Portable Doro 1360 / Double SIM / Noir
https://www.tunisianet.com.tn/436_logicom,"85,000 DT",[L-623],Téléphone Portable Logicom L-623 / Double SIM / Noir
https://www.tunisianet.com.tn/764_doro,"95,000 DT",[DORO2404-BK/WH],Téléphone Portable Doro 2404 / Double SIM / Noir
https://www.tunisianet.com.tn/764_doro,"95,000 DT",[DORO2404-RED/WHITE],Téléphone Portable Doro 2404 / Double SIM / Rouge et Blanc
https://www.tunisianet.com.tn/159_nokia,"109,000 DT",[TA-1235DS-CY],Téléphone Portable Nokia 150 DS / Double SIM / Bleu
https://www.tunisianet.com.tn/159_nokia,"109,000 DT",[TA-1235DS-BK],Téléphone Portable Nokia 150 DS / Double SIM / Noir
https://www.tunisianet.com.tn/874_swatch,"290,000 DT",[S027N103],Montre Mixte Swatch BBCANDY SO27N103
https://www.tunisianet.com.tn/874_swatch,"290,000 DT",[S027M102],Montre Pour Homme Swatch BBBLANCO SO27M102
https://www.tunisianet.com.tn/874_swatch,"290,000 DT",[S027M101],Montre Pour Homme Swatch BBBEAUTY SO27M101
https://www.tunisianet.com.tn/874_swatch,"290,000 DT",[S027B101],Montre Pour Homme Swatch BBBLUE SO27B101
https://www.tunisianet.com.tn/874_swatch,"320,000 DT",[S027B112],Montre Pour homme Swatch Fire taste S027B112
https://www.tunisianet.com.tn/874_swatch,"320,000 DT",[S027B114],Montre Pour Homme Swatch Light taste S027B114
https://www.tunisianet.com.tn/874_swatch,"325,000 DT",[YSS332G],Montre Pour Femme Swatch SILVER HUG YSS332G
https://www.tunisianet.com.tn/874_swatch,"330,000 DT",[SUSJ402],Montre Pour femme Swatch YEL-LOL SUSJ402
https://www.tunisianet.com.tn/874_swatch,"339,000 DT",[S027B115],Montre Pour Homme Swatch Dark taste S027B115
https://www.tunisianet.com.tn/874_swatch,"345,000 DT",[YLS197G],Montre Pour Femme Swatch PUNTAGIALLA YLS197G
https://www.tunisianet.com.tn/874_swatch,"345,000 DT",[YLS216],Montre Pour Femme Swatch LOVELY LILAC YLS216
https://www.tunisianet.com.tn/874_swatch,"345,000 DT",[YLS217],Montre Pour Femme Swatch STARRY PARTY YLS217
https://www.tunisianet.com.tn/874_swatch,"345,000 DT",[YSS308G],Montre Pour Femme Swatch MINIMIX YSS308G
https://www.tunisianet.com.tn/874_swatch,"345,000 DT",[YLS189G],Montre Pour Femme Swatch SIGNORALIA YLS189G
https://www.tunisianet.com.tn/874_swatch,"360,000 DT",[YLS455G],Montre Pour Femme Swatch PINKAROUND YLS455G
https://www.tunisianet.com.tn/874_swatch,"389,000 DT",[YWS406G],Montre Pour Homme Swatch MOON STEP YWS406G
https://www.tunisianet.com.tn/874_swatch,"390,000 DT",[YWS100G],Montre Mixte Swatch ZIO ARGENTO YWS100G
https://www.tunisianet.com.tn/874_swatch,"390,000 DT",[YWS420G],Montre Pour Homme Swatch BLUE BOAT YWS420G
https://www.tunisianet.com.tn/874_swatch,"405,000 DT",[SB02B402],Montre Mixte Swatch CHECKPOINT RED SB02B402
https://www.tunisianet.com.tn/874_swatch,"406,000 DT",[YLG140],Montre Pour Femme Swatch PINK CONFUSION YLG140
https://www.tunisianet.com.tn/874_swatch,"415,000 DT",[SYXS114],Montre Mixte Swatch SKINFLAG SYXS114
https://www.tunisianet.com.tn/874_swatch,"465,000 DT",[YGG409G],Montre Pour Femme Swatch Allurissime YGG409G
https://www.tunisianet.com.tn/874_swatch,"475,000 DT",[SVCK4032G],Montre Pour Femme Swatch FULL-BLOODED SVCK4032G
https://www.tunisianet.com.tn/874_swatch,"530,000 DT",[YVS405GC],Montre Pour Homme Swatch Silverish YVS405GC
https://www.tunisianet.com.tn/29_dell,"4 165,000 DT",[PET330A1],Serveur tour Dell PowerEdge T330 / 1 To
https://www.tunisianet.com.tn/6_hp,"4 199,000 DT",[840675-425],Serveur HP ML110 Gen9 V4 Tour 5U / 1To
https://www.tunisianet.com.tn/6_hp,"4 216,000 DT",[P19560-B21],Serveur Rack 1U HP ProLiant DL160 Gen10 / 16 Go / Sans Disques
https://www.tunisianet.com.tn/6_hp,"4 459,000 DT",[833971-B21],Serveur Rack 2U HP DL180 Gen9 V4
https://www.tunisianet.com.tn/29_dell,"4 545,000 DT",[PER330E2A],Serveur Dell PowerEdge R330 Rack 1U / 1 To
https://www.tunisianet.com.tn/6_hp,"4 578,000 DT",[ML110-BUNDLE1],Serveur HP ProLiant ML110 Gen10 / 16 Go / 2 To
https://www.tunisianet.com.tn/29_dell,"4 621,000 DT",[178898-R330],Serveur Rack Dell PowerEdge R330
https://www.tunisianet.com.tn/6_hp,"4 634,000 DT",[DL20-BUNDLE],Serveur Rack 1U HP ProLiant DL20 Gen10 / 32 Go / 2 x 300
https://www.tunisianet.com.tn/29_dell,"4 754,000 DT",[PET340M3],Serveur Dell Power Edge T340 / 8 Go / 1 To
https://www.tunisianet.com.tn/6_hp,"4 943,000 DT",[P10812-421],Serveur HP ProLiant ML110 Gen10 / 16 Go / Sans Disques
https://www.tunisianet.com.tn/6_hp,"5 119,000 DT",[ML110-BUNDLE2],Serveur HP ProLiant ML110 Gen10 / 32 Go / Sans Disques
https://www.tunisianet.com.tn/6_hp,"5 174,000 DT",[DL160-BUNDLE1],Serveur Rack 1U HP ProLiant DL160 Gen10 / 32 Go / Sans Disques
https://www.tunisianet.com.tn/6_hp,"5 319,000 DT",[830585-425],Serveur Rack HP ProLiant DL160 Gen9 V4 / 2x 300 Go
https://www.tunisianet.com.tn/6_hp,"5 473,000 DT",[879512-B21],Serveur Rack 2U HP DL180 Gen10  / 16 Go /  Sans Disques
https://www.tunisianet.com.tn/6_hp,"5 499,000 DT",[833972-B21],Serveur Rack 2U HP DL180 Gen9 V4
https://www.tunisianet.com.tn/29_dell,"5 609,000 DT",[PET430E2],Serveur Tour PowerEdge T430 / 1 To
https://www.tunisianet.com.tn/6_hp,"5 727,000 DT",[DL160-BUNDLE2],Serveur Rack 1U HP ProLiant DL160 Gen10 / 32 Go / 2 x 300
https://www.tunisianet.com.tn/3_lenovo,"5 929,000 DT",[7X08A029EA],Serveur Rack 1U Lenovo ThinkSystem SR530
https://www.tunisianet.com.tn/6_hp,"6 098,000 DT",[P03631-B21],Serveur Rack 1U HP ProLiant DL360 Gen10 / 16 Go / Sans Disques
https://www.tunisianet.com.tn/6_hp,"6 238,000 DT",[P19563-B21],Serveur Rack 2U HP DL180 Gen10  / 16 Go /  Sans Disques
https://www.tunisianet.com.tn/3_lenovo,"6 595,000 DT",[7X10A017EA],Serveur Tour Lenovo ThinkSystem ST550
https://www.tunisianet.com.tn/29_dell,"6 646,000 DT",[176732-R430],Serveur Dell PowerEdge R430 Rack 1U / 600 Go
https://www.tunisianet.com.tn/6_hp,"6 650,000 DT",[P03630-B21],Serveur Rack 1U HP ProLiant DL360 Gen10 / 16 Go / Sans Disques
https://www.tunisianet.com.tn/29_dell,"6 707,000 DT",[PER430E1-1],Serveur Dell PowerEdge R430 Rack 1U / 600 Go
https://www.tunisianet.com.tn/48_eaton,"689,000 DT",[EL1200USBFR],Onduleur In Line ECO ELLIPSE 1200 USB
https://www.tunisianet.com.tn/746_upset,"689,000 DT",[POWERACTIVE-1KVA],Onduleur On-Line UPSET Poweractive PA 1000
https://www.tunisianet.com.tn/847_njoy,"695,000 DT",[ARGUS1200],Onduleur NJOY Argus In Line Argus 1200VA / 720 W
https://www.tunisianet.com.tn/847_njoy,"699,000 DT",[ECHOPRO1000],Onduleur NJOY On Line Echo Pro 1000 VA
https://www.tunisianet.com.tn/680_ablerex,"729,000 DT",[ARES1000LCD],Onduleur On-Line Ablerex Ares 1000VA LCD
https://www.tunisianet.com.tn/48_eaton,"739,000 DT",[5E2000IUSB],Onduleur Line Interactive avec régulateur de tension Eaton 5E 2000VA / USB
https://www.tunisianet.com.tn/48_eaton,"739,000 DT",[9RK],Kit Rack pour onduleurs EATON 9PX/9SX - 9RK
https://www.tunisianet.com.tn/48_eaton,"752,000 DT",[5SC750I],Onduleur In Line Eaton Tour 5SC 750I
https://www.tunisianet.com.tn/847_njoy,"779,000 DT",[UPOL-OL100EP-CG01B],Onduleur On-Line NJOY Echo Pro 1000VA / 800W
https://www.tunisianet.com.tn/546_tuncmatik,"915,000 DT",[TSK5303],Onduleur Online Tuncmatik Newtech PRO II X9 / 1kVA
https://www.tunisianet.com.tn/847_njoy,"1 039,000 DT",[ECHOPRO2000],Onduleur On-Line NJOY Echo Pro 2000VA / 1600W
https://www.tunisianet.com.tn/48_eaton,"1 069,000 DT",[5P650IR],Onduleur In Line Eaton 5P 650I Rack
https://www.tunisianet.com.tn/746_upset,"1 209,000 DT",[POWERACTIVE-2KVA],Onduleur On-Line UPSET Poweractive PA 2000
https://www.tunisianet.com.tn/48_eaton,"1 209,000 DT",[5SC1000I],Onduleur In Line Eaton Tour 5SC 1000I
https://www.tunisianet.com.tn/680_ablerex,"1 209,000 DT",[ARES2000LCD],Onduleur On-Line Ablerex Ares 2000VA LCD
https://www.tunisianet.com.tn/48_eaton,"1 339,000 DT",[5P1150I],Onduleur In Line Eaton 5P 1150I
https://www.tunisianet.com.tn/680_ablerex,"1 369,000 DT",[ARES3000LCD],Onduleur On-Line Ablerex Ares 3000VA LCD
https://www.tunisianet.com.tn/48_eaton,"1 399,000 DT",[9E1000I],Onduleur Eaton 9E 1000VA / 800W
https://www.tunisianet.com.tn/48_eaton,"1 399,000 DT",[5P850IR],Onduleur In Line Eaton 5P 850I Rack
https://www.tunisianet.com.tn/847_njoy,"1 420,000 DT",[UPOL-OL300EP-CG01B],Onduleur On-Line NJOY Echo Pro 3000VA / 2400W
https://www.tunisianet.com.tn/680_ablerex,"1 429,000 DT",[ODINPLUS-RT2000],Onduleur On-Line Ablerex Odin Plus RT 2000VA
https://www.tunisianet.com.tn/48_eaton,"1 465,000 DT",[9SX700I],Onduleur Online Eaton 9SX 700I / 700VA
https://www.tunisianet.com.tn/48_eaton,"1 509,000 DT",[5SC1500I],Onduleur In Line Eaton Tour 5SC 1500I
https://www.tunisianet.com.tn/847_njoy,"1 629,000 DT",[PWUP-LI300AG-CG01B],Onduleur NJOY Argus In Line Argus 3000VA / 1800 W
